{
  "albumLists" : [ {
    "id" : "0",
    "list" : [ "ad", "qui", "deserunt", "nulla", "cupidatat" ]
  }, {
    "id" : "1",
    "list" : [ "ipsum", "nostrud", "aliqua", "sunt" ]
  }, {
    "id" : "2",
    "list" : [ "et", "qui", "consectetur", "reprehenderit", "sunt", "Lorem", "laborum" ]
  }, {
    "id" : "3",
    "list" : [ "nulla", "velit", "do" ]
  }, {
    "id" : "4",
    "list" : [ "exercitation", "magna", "deserunt", "fugiat", "eu", "irure", "dolore" ]
  }, {
    "id" : "5",
    "list" : [ "sint", "minim", "nisi", "labore", "consequat", "duis", "elit" ]
  }, {
    "id" : "6",
    "list" : [ "in", "nostrud", "deserunt" ]
  }, {
    "id" : "7",
    "list" : [ "in", "nostrud" ]
  } ],
  "albums" : {
    "0" : {
      "description" : "Voluptate mollit consectetur pariatur labore. Quis amet quis minim nulla voluptate amet nisi. Ut sint veniam magna aute velit minim laborum eiusmod mollit dolor laborum. Minim Lorem Lorem pariatur adipisicing laborum tempor consequat est officia proident. Qui consequat duis ipsum minim Lorem cillum in excepteur.\r\n",
      "duration" : 600,
      "id" : "0",
      "name" : "Kirby Ortega",
      "ref" : "Hardu",
      "status" : "off",
      "title" : "pariatur nulla"
    },
    "1" : {
      "description" : "Magna laborum quis qui deserunt id. Aute sint consequat aliquip minim duis tempor reprehenderit laborum pariatur ut anim culpa. Laboris sit ea cillum ex nostrud deserunt. Nulla deserunt exercitation non eu ipsum. Cillum ut irure et ea esse ea anim nostrud proident. Non incididunt ut velit pariatur. Occaecat qui fugiat cupidatat est pariatur irure sunt excepteur anim.\r\n",
      "duration" : 480,
      "id" : "1",
      "like" : "Much",
      "name" : "Traci Huber",
      "ref" : "Rock",
      "status" : "off",
      "title" : "fugiat non",
      "url" : "http://placehold.it/32x32"
    },
    "2" : {
      "description" : "Exercitation sunt qui sint eiusmod velit est dolor duis commodo nulla cillum cupidatat dolor voluptate. Amet aute duis deserunt ad quis eiusmod est. In veniam veniam mollit velit qui amet quis. Et do sint ipsum nisi velit culpa laborum.\r\n",
      "duration" : 360,
      "id" : "2",
      "name" : "Hughes Byrd",
      "ref" : "Rock",
      "status" : "off",
      "tags" : [ "elit", "eiusmod", "qui", "voluptate", "ea", "incididunt", "amet" ],
      "title" : "laboris nisi",
      "url" : "http://placehold.it/32x32"
    },
    "3" : {
      "description" : "Cillum proident commodo do non esse cillum incididunt officia qui occaecat. Excepteur id voluptate esse tempor aliqua voluptate in labore anim incididunt ea nostrud nisi. Proident adipisicing adipisicing enim adipisicing nisi elit irure.\r\n",
      "duration" : 840,
      "id" : "3",
      "name" : "Dickerson Maynard",
      "ref" : "Jazzz",
      "status" : "off",
      "title" : "consequat excepteur"
    },
    "4" : {
      "description" : "Labore tempor laborum voluptate exercitation velit tempor magna ut pariatur sint ex. Est id magna mollit ipsum mollit minim officia. Enim aliquip eiusmod sunt incididunt aliquip occaecat eu. Eiusmod fugiat aliquip officia tempor esse ut et nulla. Commodo consectetur aliquip mollit laborum velit dolor quis nisi do. Consectetur voluptate quis nostrud deserunt incididunt ea in ad adipisicing ea laboris ullamco. Occaecat consectetur mollit deserunt excepteur enim consectetur dolor nostrud aute.\r\n",
      "duration" : "84",
      "id" : "4",
      "name" : "Lindse",
      "ref" : "Fusio",
      "status" : "off",
      "title" : "duis veniam"
    },
    "5" : {
      "description" : "Nostrud veniam dolor velit id occaecat cupidatat aliquip exercitation id aliqua nostrud. Ad mollit Lorem consectetur minim consequat est eiusmod deserunt pariatur est ullamco. Veniam anim veniam Lorem excepteur irure. Esse adipisicing nulla in incididunt. Consectetur fugiat exercitation aliquip excepteur ipsum ullamco ullamco magna commodo.\r\n",
      "duration" : 360,
      "id" : "5",
      "like" : "Much",
      "name" : "Yesenia Potts",
      "ref" : "Jazz",
      "status" : "off",
      "tags" : [ "consectetur", "do", "commodo", "consequat", "pariatur", "irure", "fugiat" ],
      "title" : "Lorem Lorem",
      "url" : "http://placehold.it/32x32"
    },
    "6" : {
      "description" : "Nostrud veniam dolor velit id occaecat cupidatat aliquip exercitation id aliqua nostrud. Ad mollit Lorem consectetur minim consequat est eiusmod deserunt pariatur est ullamco. Veniam anim veniam Lorem excepteur irure. Esse adipisicing nulla in incididunt. Consectetur fugiat exercitation aliquip excepteur ipsum ullamco ullamco magna commodo.\r\n",
      "duration" : 240,
      "id" : "6",
      "like" : "Much",
      "name" : "Harry Potter",
      "ref" : "Jazz",
      "status" : "off",
      "tags" : [ "consectetur", "do", "commodo", "consequat", "pariatur", "irure", "fugiat" ],
      "title" : "Lorem Potter",
      "url" : "http://placehold.it/32x32"
    },
    "7" : {
      "description" : "Nostrud veniam dolor velit id occaecat cupidatat aliquip exercitation id aliqua nostrud. Ad mollit Lorem consectetur minim consequat est eiusmod deserunt pariatur est ullamco. Veniam anim veniam Lorem excepteur irure. Esse adipisicing nulla in incididunt. Consectetur fugiat exercitation aliquip excepteur ipsum ullamco ullamco magna commodo.\r\n",
      "duration" : 240,
      "id" : "7",
      "like" : "Much",
      "name" : "Harry Potter II",
      "ref" : "Fusion",
      "status" : "off",
      "tags" : [ "consectetur", "do", "commodo", "consequat", "pariatur", "irure", "fugiat" ],
      "title" : "Lorem Potter II",
      "url" : "http://placehold.it/32x32"
    },
    "8" : {
      "description" : "Nostrud veniam dolor velit id occaecat cupidatat aliquip exercitation id aliqua nostrud. Ad mollit Lorem consectetur minim consequat est eiusmod deserunt pariatur est ullamco. Veniam anim veniam Lorem excepteur irure. Esse adipisicing nulla in incididunt. Consectetur fugiat exercitation aliquip excepteur ipsum ullamco ullamco magna commodo.\r\n",
      "duration" : 240,
      "id" : "8",
      "like" : "Much",
      "name" : "Harry Potter III",
      "ref" : "Rock",
      "status" : "off",
      "tags" : [ "consectetur", "do", "commodo", "consequat", "pariatur", "irure", "fugiat" ],
      "title" : "Lorem Potter III",
      "url" : "http://placehold.it/32x32"
    },
    "9" : {
      "description" : "Nostrud veniam dolor velit id occaecat cupidatat aliquip exercitation id aliqua nostrud. Ad mollit Lorem consectetur minim consequat est eiusmod deserunt pariatur est ullamco. Veniam anim veniam Lorem excepteur irure. Esse adipisicing nulla in incididunt. Consectetur fugiat exercitation aliquip excepteur ipsum ullamco ullamco magna commodo.\r\n",
      "duration" : 240,
      "id" : "9",
      "like" : "Much",
      "name" : "Harry Potter IV",
      "ref" : "Jazz",
      "status" : "off",
      "tags" : [ "consectetur", "do", "commodo", "consequat", "pariatur", "irure", "fugiat" ],
      "title" : "Lorem Potter IV",
      "url" : "http://placehold.it/32x32"
    }
  }
}
